column,missing_count,missing_percentage,dtype
AMT_ANNUITY,1226791,71.4734902949614,float64
AMT_CREDIT_MAX_OVERDUE,1124488,65.51326359159837,float64
DAYS_ENDDATE_FACT,633653,36.916957775100386,float64
AMT_CREDIT_SUM_LIMIT,591780,34.47741472406649,float64
AMT_CREDIT_SUM_DEBT,257669,15.011931755948982,float64
DAYS_CREDIT_ENDDATE,105553,6.149573416420613,float64
AMT_CREDIT_SUM,13,0.0007573868522303295,float64
SK_ID_CURR,0,0.0,int64
SK_ID_BUREAU,0,0.0,int64
CREDIT_DAY_OVERDUE,0,0.0,int64
CREDIT_ACTIVE,0,0.0,object
CREDIT_CURRENCY,0,0.0,object
DAYS_CREDIT,0,0.0,int64
CNT_CREDIT_PROLONG,0,0.0,int64
AMT_CREDIT_SUM_OVERDUE,0,0.0,float64
CREDIT_TYPE,0,0.0,object
DAYS_CREDIT_UPDATE,0,0.0,int64
