column,missing_count,missing_percentage
RATE_INTEREST_PRIVILEGED,1664263,99.6436983524267
RATE_INTEREST_PRIMARY,1664263,99.6436983524267
AMT_DOWN_PAYMENT,895844,53.636480115721696
RATE_DOWN_PAYMENT,895844,53.636480115721696
NAME_TYPE_SUITE,820405,49.11975351661524
DAYS_TERMINATION,673065,40.29812946125467
DAYS_FIRST_DRAWING,673065,40.29812946125467
DAYS_FIRST_DUE,673065,40.29812946125467
DAYS_LAST_DUE_1ST_VERSION,673065,40.29812946125467
DAYS_LAST_DUE,673065,40.29812946125467
NFLAG_INSURED_ON_APPROVAL,673065,40.29812946125467
AMT_GOODS_PRICE,385515,23.08177275486854
AMT_ANNUITY,372235,22.286665062081866
CNT_PAYMENT,372230,22.286365699245724
PRODUCT_COMBINATION,346,0.02071590826085759
AMT_CREDIT,1,5.9872567227912114e-05
SK_ID_PREV,0,0.0
AMT_APPLICATION,0,0.0
NAME_CONTRACT_TYPE,0,0.0
SK_ID_CURR,0,0.0
WEEKDAY_APPR_PROCESS_START,0,0.0
CODE_REJECT_REASON,0,0.0
NAME_PAYMENT_TYPE,0,0.0
DAYS_DECISION,0,0.0
NAME_CONTRACT_STATUS,0,0.0
NAME_CASH_LOAN_PURPOSE,0,0.0
HOUR_APPR_PROCESS_START,0,0.0
FLAG_LAST_APPL_PER_CONTRACT,0,0.0
NFLAG_LAST_APPL_IN_DAY,0,0.0
NAME_SELLER_INDUSTRY,0,0.0
SELLERPLACE_AREA,0,0.0
CHANNEL_TYPE,0,0.0
NAME_PRODUCT_TYPE,0,0.0
NAME_GOODS_CATEGORY,0,0.0
NAME_PORTFOLIO,0,0.0
NAME_CLIENT_TYPE,0,0.0
NAME_YIELD_GROUP,0,0.0
