feature,importance_mean,importance_std,rank,model,scoring,selection_split,test_split_used
EXT_SOURCE_2,0.03283901228976801,0.013728133100811803,1,xgboost_tuned,average_precision,validation,False
EXT_SOURCE_3,0.02595658054151954,0.0036895065638391945,2,xgboost_tuned,average_precision,validation,False
EXT_SOURCE_1,0.022998418745460963,0.002201864816389964,3,xgboost_tuned,average_precision,validation,False
AMT_ANNUITY,0.012229117049923308,0.0009397863584007077,4,xgboost_tuned,average_precision,validation,False
missingindicator_EXT_SOURCE_1,0.006279140532992176,0.0024716442939955287,5,xgboost_tuned,average_precision,validation,False
PREV_REFUSAL_RATIO,0.006257254306758886,0.0026573811299182267,6,xgboost_tuned,average_precision,validation,False
BUREAU_DAYS_CREDIT_ENDDATE_MAX,0.005016324184947259,0.0011016764515068315,7,xgboost_tuned,average_precision,validation,False
CC_DRAWINGS_ATM_MEAN,0.004407922498541189,0.0004390201964976885,8,xgboost_tuned,average_precision,validation,False
BUREAU_DAYS_CREDIT_MAX,0.004146747869728397,0.001459441007762134,9,xgboost_tuned,average_precision,validation,False
APP_ANNUITY_TO_CREDIT,0.004139091965629412,0.0027431042762865575,10,xgboost_tuned,average_precision,validation,False
CC_UTILIZATION_RATIO,0.0040823044926902585,0.0008401297223946993,11,xgboost_tuned,average_precision,validation,False
PAYMENT_AMOUNT_SUM,0.003958809390734924,0.0014701799369512048,12,xgboost_tuned,average_precision,validation,False
POS_MONTHS_MIN,0.003600317805862082,0.0013594288609468646,13,xgboost_tuned,average_precision,validation,False
BUREAU_AMT_CREDIT_SUM_MAX,0.0035501520177081505,0.0010258486314383192,14,xgboost_tuned,average_precision,validation,False
POS_FUTURE_INSTALLMENT_MEAN,0.003354680577107453,0.00589186378599143,15,xgboost_tuned,average_precision,validation,False
BUREAU_CREDIT_ACTIVE_ACTIVE_COUNT,0.0030219492200998233,0.0007049423573524336,16,xgboost_tuned,average_precision,validation,False
LATE_PAYMENT_RATIO,0.0028085742863529586,0.002393285424805208,17,xgboost_tuned,average_precision,validation,False
POS_RECORD_COUNT,0.0025683920819602377,0.0012541836312669307,18,xgboost_tuned,average_precision,validation,False
PREV_CREDIT_TO_APPLICATION_RATIO,0.0022782676840026974,0.002380593250675807,19,xgboost_tuned,average_precision,validation,False
POS_MONTHS_MEAN,0.002172017863892326,0.0011253425812575144,20,xgboost_tuned,average_precision,validation,False
APP_ANNUITY_TO_INCOME,0.002154479929752697,0.0010530922805837685,21,xgboost_tuned,average_precision,validation,False
PREV_STATUS_APPROVED_COUNT,0.0021325055709072913,0.0005412069174581441,22,xgboost_tuned,average_precision,validation,False
APP_CREDIT_TO_INCOME,0.002071773717888248,0.00020124716486539019,23,xgboost_tuned,average_precision,validation,False
BUREAU_AMT_CREDIT_SUM_DEBT_MAX,0.001989874194997641,0.0006005268075591264,24,xgboost_tuned,average_precision,validation,False
BUREAU_DAYS_ENDDATE_FACT_MAX,0.0017576633151838994,0.0007579011378136504,25,xgboost_tuned,average_precision,validation,False
DAYS_EMPLOYED,0.001720887025662717,0.00041490479171015106,26,xgboost_tuned,average_precision,validation,False
BUREAU_AMT_CREDIT_SUM_DEBT_MEAN,0.0017072485183673713,0.0006686609671157764,27,xgboost_tuned,average_precision,validation,False
DAYS_BIRTH,0.001544849134266298,0.0018242655682263523,28,xgboost_tuned,average_precision,validation,False
AMT_CREDIT,0.0015363043397517984,0.0006374106508736412,29,xgboost_tuned,average_precision,validation,False
PREV_CNT_PAYMENT_MEAN,0.0015361266862211436,0.002213118872229341,30,xgboost_tuned,average_precision,validation,False
CNT_FAM_MEMBERS,0.001487759398376411,0.002594674264571925,31,xgboost_tuned,average_precision,validation,False
BUREAU_DAYS_CREDIT_UPDATE_MIN,0.0014308706840922742,0.0006236891071251206,32,xgboost_tuned,average_precision,validation,False
BUREAU_AMT_CREDIT_SUM_SUM,0.0014093061199874357,0.0008071849284883071,33,xgboost_tuned,average_precision,validation,False
PREV_AMT_GOODS_PRICE_MEAN,0.0014075704968390206,0.001371672257345195,34,xgboost_tuned,average_precision,validation,False
BUREAU_AMT_CREDIT_SUM_LIMIT_MEAN,0.0011256441478111796,0.0005791727234608063,35,xgboost_tuned,average_precision,validation,False
missingindicator_BUREAU_AMT_CREDIT_SUM_LIMIT_MEAN,0.0010526599228542395,0.00024106107475918646,36,xgboost_tuned,average_precision,validation,False
PREV_APPLICATION_COUNT,0.0010209329793082478,0.0006448893593950178,37,xgboost_tuned,average_precision,validation,False
PREV_APPROVAL_RATIO,0.0009827737719297995,0.0015170526081099529,38,xgboost_tuned,average_precision,validation,False
POS_DPD_MAX,0.0009618687153265896,0.00034506995872432485,39,xgboost_tuned,average_precision,validation,False
POS_INSTALLMENT_MEAN,0.0009556989045942932,0.002020209909083935,40,xgboost_tuned,average_precision,validation,False
PREV_AMT_CREDIT_MEAN,0.0008453848017352106,0.0004688937334621525,41,xgboost_tuned,average_precision,validation,False
APP_AGE_YEARS,0.0008420215537378964,0.001002134870312066,42,xgboost_tuned,average_precision,validation,False
BUREAU_DAYS_CREDIT_MEAN,0.0008295637199198328,0.0009944439608350125,43,xgboost_tuned,average_precision,validation,False
CC_DPD_DEF_MEAN,0.0008112738432374348,0.00042356993646986465,44,xgboost_tuned,average_precision,validation,False
BUREAU_BB_STATUS_0_COUNT,0.0008079011048881627,0.0002157770833957332,45,xgboost_tuned,average_precision,validation,False
CC_DRAWINGS_MEAN,0.0007709066972915549,0.00025188071572681886,46,xgboost_tuned,average_precision,validation,False
BUREAU_AMT_CREDIT_SUM_LIMIT_MAX,0.0007420434491154834,0.0011426176900323098,47,xgboost_tuned,average_precision,validation,False
PREV_APPLICATION_UNIQUE_COUNT,0.000735540295098915,0.0005031676735822417,48,xgboost_tuned,average_precision,validation,False
PREV_AMT_CREDIT_SUM,0.0007192256683489218,0.0009710520744281282,49,xgboost_tuned,average_precision,validation,False
PAYMENT_TO_INSTALMENT_RATIO,0.0007010297445657806,0.000997933510350355,50,xgboost_tuned,average_precision,validation,False
BUREAU_AMT_CREDIT_SUM_LIMIT_SUM,0.0006736641068140758,0.0005095581861858133,51,xgboost_tuned,average_precision,validation,False
INST_PAYMENT_COVERAGE_RATIO,0.0006688449362360812,0.0005305988246328945,52,xgboost_tuned,average_precision,validation,False
BUREAU_BB_STATUS_X_COUNT,0.000619838652810715,0.0006250655105418897,53,xgboost_tuned,average_precision,validation,False
BUREAU_BB_STATUS_1_COUNT,0.0005836361939771662,0.00015837316816361618,54,xgboost_tuned,average_precision,validation,False
INSTALMENT_AMOUNT_SUM,0.0005781674513563965,0.0006980449383442841,55,xgboost_tuned,average_precision,validation,False
BUREAU_BB_STATUS_4_COUNT,0.0005740732833252696,4.047987364870755e-05,56,xgboost_tuned,average_precision,validation,False
BUREAU_DAYS_CREDIT_MIN,0.0005663733771797593,0.0005938829795548298,57,xgboost_tuned,average_precision,validation,False
POS_DPD_DEF_MAX,0.0005488585076978506,0.00011545610835521673,58,xgboost_tuned,average_precision,validation,False
BUREAU_AMT_CREDIT_SUM_DEBT_SUM,0.0005248125629787511,0.0008269795796970609,59,xgboost_tuned,average_precision,validation,False
missingindicator_BUREAU_BB_MONTH_COUNT,0.0005110186110102352,0.0006991713561306698,60,xgboost_tuned,average_precision,validation,False
BUREAU_ACCOUNT_COUNT,0.0004990543839898942,0.0005561833044287579,61,xgboost_tuned,average_precision,validation,False
missingindicator_EXT_SOURCE_3,0.0004949734727869489,0.0003247825983383593,62,xgboost_tuned,average_precision,validation,False
BUREAU_DAYS_CREDIT_UPDATE_MAX,0.00047773847065860076,7.911270185005866e-05,63,xgboost_tuned,average_precision,validation,False
missingindicator_APP_EMPLOYED_YEARS,0.0004501706608716442,0.00017076068756398242,64,xgboost_tuned,average_precision,validation,False
PREV_DAYS_DECISION_MEAN,0.0004416459598959495,0.0023123189426585903,65,xgboost_tuned,average_precision,validation,False
BUREAU_DAYS_ENDDATE_FACT_MIN,0.00043219791690480663,0.0006365891668791193,66,xgboost_tuned,average_precision,validation,False
CC_DPD_MEAN,0.00042279525465777995,0.0004069833376725903,67,xgboost_tuned,average_precision,validation,False
BUREAU_CREDIT_ACTIVE_SOLD_COUNT,0.0004054263052065225,0.000522843736251934,68,xgboost_tuned,average_precision,validation,False
CC_PAYMENT_TO_MIN_PAYMENT_RATIO,0.0004018903917283971,0.00046357954874448853,69,xgboost_tuned,average_precision,validation,False
APP_GOODS_PRICE_TO_INCOME,0.00036319553034004176,0.001019283983473903,70,xgboost_tuned,average_precision,validation,False
BUREAU_BB_STATUS_5_COUNT,0.0003451465354541809,3.1576982459882034e-06,71,xgboost_tuned,average_precision,validation,False
BUREAU_DAYS_CREDIT_ENDDATE_MEAN,0.0003429330603580231,0.00032427616745766077,72,xgboost_tuned,average_precision,validation,False
CC_LATE_COUNT,0.00034124129024486655,0.00029220809184187077,73,xgboost_tuned,average_precision,validation,False
PREV_STATUS_REFUSED_COUNT,0.0003340380553968532,0.0012063693856966512,74,xgboost_tuned,average_precision,validation,False
BUREAU_DAYS_CREDIT_UPDATE_MEAN,0.0003227485183975587,0.0019132096704135811,75,xgboost_tuned,average_precision,validation,False
APP_INCOME_PER_FAMILY_MEMBER,0.0003153400655145633,0.0009351970430777262,76,xgboost_tuned,average_precision,validation,False
missingindicator_BUREAU_AMT_CREDIT_SUM_DEBT_MEAN,0.00024755598465604306,6.602723774538601e-05,77,xgboost_tuned,average_precision,validation,False
missingindicator_CC_DRAWINGS_ATM_MEAN,0.00021405778639948156,1.573282542166108e-05,78,xgboost_tuned,average_precision,validation,False
LATE_PAYMENT_COUNT,0.00018156032760024976,0.00021350698778806884,79,xgboost_tuned,average_precision,validation,False
missingindicator_BUREAU_DAYS_ENDDATE_FACT_MEAN,0.00017124016495023708,9.481811917996037e-05,80,xgboost_tuned,average_precision,validation,False
BUREAU_DAYS_ENDDATE_FACT_MEAN,0.00015568814668309727,0.00011158784578095429,81,xgboost_tuned,average_precision,validation,False
BUREAU_CNT_CREDIT_PROLONG_MEAN,0.00013001820556354793,0.00010919657043842572,82,xgboost_tuned,average_precision,validation,False
BUREAU_CNT_CREDIT_PROLONG_SUM,0.00012333083239275214,2.5020914940577438e-05,83,xgboost_tuned,average_precision,validation,False
PREV_RATE_DOWN_PAYMENT_MEAN,0.00011246154925073637,0.00031010215401717226,84,xgboost_tuned,average_precision,validation,False
BUREAU_CNT_CREDIT_PROLONG_MAX,8.82445529602945e-05,7.686494090038576e-05,85,xgboost_tuned,average_precision,validation,False
CC_DPD_MAX,5.215373605788054e-05,0.00035645670972497703,86,xgboost_tuned,average_precision,validation,False
POS_DPD_MEAN,5.101471070105094e-05,0.00016250427572821625,87,xgboost_tuned,average_precision,validation,False
PREV_STATUS_CANCELED_COUNT,4.8542840379519246e-05,0.00011903300316365041,88,xgboost_tuned,average_precision,validation,False
CC_BALANCE_MAX,3.955364747942891e-05,0.000684681657632197,89,xgboost_tuned,average_precision,validation,False
CC_MONTHS_MEAN,3.4298632160895126e-05,0.000662102947992323,90,xgboost_tuned,average_precision,validation,False
CNT_CHILDREN,1.8409869051892274e-05,0.00029509259600458797,91,xgboost_tuned,average_precision,validation,False
BUREAU_AMT_CREDIT_SUM_OVERDUE_MEAN,0.0,0.0,92,xgboost_tuned,average_precision,validation,False
BUREAU_CREDIT_DAY_OVERDUE_SUM,0.0,0.0,93,xgboost_tuned,average_precision,validation,False
BUREAU_CREDIT_DAY_OVERDUE_MEAN,0.0,0.0,94,xgboost_tuned,average_precision,validation,False
BUREAU_CREDIT_DAY_OVERDUE_MAX,0.0,0.0,95,xgboost_tuned,average_precision,validation,False
BUREAU_CREDIT_ACTIVE_BAD DEBT_COUNT,0.0,0.0,96,xgboost_tuned,average_precision,validation,False
BUREAU_BB_STATUS_2_COUNT,0.0,0.0,97,xgboost_tuned,average_precision,validation,False
PREV_STATUS_UNUSED OFFER_COUNT,0.0,0.0,98,xgboost_tuned,average_precision,validation,False
CC_DPD_DEF_MAX,0.0,0.0,99,xgboost_tuned,average_precision,validation,False
BUREAU_OVERDUE_ACCOUNTS_RATIO,0.0,0.0,100,xgboost_tuned,average_precision,validation,False
POS_SEVERE_DPD_FLAG,0.0,0.0,101,xgboost_tuned,average_precision,validation,False
POS_SEVERE_DPD_DEF_FLAG,0.0,0.0,102,xgboost_tuned,average_precision,validation,False
INST_LATE_30D_FLAG,0.0,0.0,103,xgboost_tuned,average_precision,validation,False
CC_HIGH_UTILIZATION_FLAG,0.0,0.0,104,xgboost_tuned,average_precision,validation,False
CC_LATE_30D_FLAG,0.0,0.0,105,xgboost_tuned,average_precision,validation,False
missingindicator_BUREAU_ACCOUNT_COUNT,0.0,0.0,106,xgboost_tuned,average_precision,validation,False
missingindicator_BUREAU_DAYS_CREDIT_MEAN,0.0,0.0,107,xgboost_tuned,average_precision,validation,False
missingindicator_BUREAU_DAYS_CREDIT_MIN,0.0,0.0,108,xgboost_tuned,average_precision,validation,False
missingindicator_BUREAU_DAYS_CREDIT_MAX,0.0,0.0,109,xgboost_tuned,average_precision,validation,False
missingindicator_BUREAU_DAYS_CREDIT_ENDDATE_MEAN,0.0,0.0,110,xgboost_tuned,average_precision,validation,False
missingindicator_BUREAU_DAYS_CREDIT_ENDDATE_MIN,0.0,0.0,111,xgboost_tuned,average_precision,validation,False
missingindicator_BUREAU_DAYS_CREDIT_ENDDATE_MAX,0.0,0.0,112,xgboost_tuned,average_precision,validation,False
missingindicator_BUREAU_DAYS_ENDDATE_FACT_MIN,0.0,0.0,113,xgboost_tuned,average_precision,validation,False
missingindicator_BUREAU_DAYS_ENDDATE_FACT_MAX,0.0,0.0,114,xgboost_tuned,average_precision,validation,False
missingindicator_BUREAU_AMT_CREDIT_SUM_SUM,0.0,0.0,115,xgboost_tuned,average_precision,validation,False
missingindicator_BUREAU_AMT_CREDIT_SUM_MEAN,0.0,0.0,116,xgboost_tuned,average_precision,validation,False
missingindicator_BUREAU_AMT_CREDIT_SUM_MAX,0.0,0.0,117,xgboost_tuned,average_precision,validation,False
missingindicator_BUREAU_AMT_CREDIT_SUM_DEBT_SUM,0.0,0.0,118,xgboost_tuned,average_precision,validation,False
missingindicator_BUREAU_AMT_CREDIT_SUM_DEBT_MAX,0.0,0.0,119,xgboost_tuned,average_precision,validation,False
missingindicator_BUREAU_AMT_CREDIT_SUM_LIMIT_SUM,0.0,0.0,120,xgboost_tuned,average_precision,validation,False
missingindicator_BUREAU_AMT_CREDIT_SUM_OVERDUE_SUM,0.0,0.0,121,xgboost_tuned,average_precision,validation,False
missingindicator_BUREAU_AMT_CREDIT_SUM_OVERDUE_MEAN,0.0,0.0,122,xgboost_tuned,average_precision,validation,False
missingindicator_BUREAU_AMT_CREDIT_SUM_OVERDUE_MAX,0.0,0.0,123,xgboost_tuned,average_precision,validation,False
missingindicator_BUREAU_CREDIT_DAY_OVERDUE_SUM,0.0,0.0,124,xgboost_tuned,average_precision,validation,False
missingindicator_BUREAU_CREDIT_DAY_OVERDUE_MEAN,0.0,0.0,125,xgboost_tuned,average_precision,validation,False
missingindicator_BUREAU_CREDIT_DAY_OVERDUE_MAX,0.0,0.0,126,xgboost_tuned,average_precision,validation,False
missingindicator_BUREAU_CNT_CREDIT_PROLONG_SUM,0.0,0.0,127,xgboost_tuned,average_precision,validation,False
missingindicator_BUREAU_CNT_CREDIT_PROLONG_MEAN,0.0,0.0,128,xgboost_tuned,average_precision,validation,False
missingindicator_BUREAU_CNT_CREDIT_PROLONG_MAX,0.0,0.0,129,xgboost_tuned,average_precision,validation,False
missingindicator_BUREAU_DAYS_CREDIT_UPDATE_MEAN,0.0,0.0,130,xgboost_tuned,average_precision,validation,False
missingindicator_BUREAU_DAYS_CREDIT_UPDATE_MIN,0.0,0.0,131,xgboost_tuned,average_precision,validation,False
missingindicator_BUREAU_DAYS_CREDIT_UPDATE_MAX,0.0,0.0,132,xgboost_tuned,average_precision,validation,False
missingindicator_BUREAU_CREDIT_ACTIVE_ACTIVE_COUNT,0.0,0.0,133,xgboost_tuned,average_precision,validation,False
missingindicator_BUREAU_CREDIT_ACTIVE_BAD DEBT_COUNT,0.0,0.0,134,xgboost_tuned,average_precision,validation,False
missingindicator_BUREAU_CREDIT_ACTIVE_CLOSED_COUNT,0.0,0.0,135,xgboost_tuned,average_precision,validation,False
missingindicator_BUREAU_CREDIT_ACTIVE_SOLD_COUNT,0.0,0.0,136,xgboost_tuned,average_precision,validation,False
missingindicator_BUREAU_BB_STATUS_0_COUNT,0.0,0.0,137,xgboost_tuned,average_precision,validation,False
missingindicator_BUREAU_BB_STATUS_1_COUNT,0.0,0.0,138,xgboost_tuned,average_precision,validation,False
missingindicator_BUREAU_BB_STATUS_2_COUNT,0.0,0.0,139,xgboost_tuned,average_precision,validation,False
missingindicator_BUREAU_BB_STATUS_3_COUNT,0.0,0.0,140,xgboost_tuned,average_precision,validation,False
missingindicator_BUREAU_BB_STATUS_4_COUNT,0.0,0.0,141,xgboost_tuned,average_precision,validation,False
missingindicator_BUREAU_BB_STATUS_5_COUNT,0.0,0.0,142,xgboost_tuned,average_precision,validation,False
missingindicator_BUREAU_BB_STATUS_C_COUNT,0.0,0.0,143,xgboost_tuned,average_precision,validation,False
missingindicator_BUREAU_BB_STATUS_X_COUNT,0.0,0.0,144,xgboost_tuned,average_precision,validation,False
missingindicator_PREV_APPLICATION_UNIQUE_COUNT,0.0,0.0,145,xgboost_tuned,average_precision,validation,False
missingindicator_PREV_AMT_ANNUITY_MEAN,0.0,0.0,146,xgboost_tuned,average_precision,validation,False
missingindicator_PREV_AMT_APPLICATION_MEAN,0.0,0.0,147,xgboost_tuned,average_precision,validation,False
missingindicator_PREV_AMT_APPLICATION_SUM,0.0,0.0,148,xgboost_tuned,average_precision,validation,False
missingindicator_PREV_AMT_CREDIT_MEAN,0.0,0.0,149,xgboost_tuned,average_precision,validation,False
missingindicator_PREV_AMT_CREDIT_SUM,0.0,0.0,150,xgboost_tuned,average_precision,validation,False
missingindicator_PREV_AMT_GOODS_PRICE_MEAN,0.0,0.0,151,xgboost_tuned,average_precision,validation,False
missingindicator_PREV_RATE_DOWN_PAYMENT_MEAN,0.0,0.0,152,xgboost_tuned,average_precision,validation,False
missingindicator_PREV_DAYS_DECISION_MEAN,0.0,0.0,153,xgboost_tuned,average_precision,validation,False
missingindicator_PREV_CNT_PAYMENT_MEAN,0.0,0.0,154,xgboost_tuned,average_precision,validation,False
missingindicator_PREV_STATUS_APPROVED_COUNT,0.0,0.0,155,xgboost_tuned,average_precision,validation,False
missingindicator_PREV_STATUS_CANCELED_COUNT,0.0,0.0,156,xgboost_tuned,average_precision,validation,False
missingindicator_PREV_STATUS_REFUSED_COUNT,0.0,0.0,157,xgboost_tuned,average_precision,validation,False
missingindicator_PREV_STATUS_UNUSED OFFER_COUNT,0.0,0.0,158,xgboost_tuned,average_precision,validation,False
missingindicator_POS_RECORD_COUNT,0.0,0.0,159,xgboost_tuned,average_precision,validation,False
missingindicator_POS_MONTHS_MIN,0.0,0.0,160,xgboost_tuned,average_precision,validation,False
missingindicator_POS_MONTHS_MAX,0.0,0.0,161,xgboost_tuned,average_precision,validation,False
missingindicator_POS_DPD_MAX,0.0,0.0,162,xgboost_tuned,average_precision,validation,False
missingindicator_POS_DPD_DEF_MAX,0.0,0.0,163,xgboost_tuned,average_precision,validation,False
missingindicator_POS_LATE_COUNT,0.0,0.0,164,xgboost_tuned,average_precision,validation,False
missingindicator_POS_MONTHS_MEAN,0.0,0.0,165,xgboost_tuned,average_precision,validation,False
missingindicator_POS_INSTALLMENT_MEAN,0.0,0.0,166,xgboost_tuned,average_precision,validation,False
missingindicator_POS_FUTURE_INSTALLMENT_MEAN,0.0,0.0,167,xgboost_tuned,average_precision,validation,False
missingindicator_POS_DPD_MEAN,0.0,0.0,168,xgboost_tuned,average_precision,validation,False
missingindicator_POS_DPD_DEF_MEAN,0.0,0.0,169,xgboost_tuned,average_precision,validation,False
missingindicator_POS_LATE_RATIO,0.0,0.0,170,xgboost_tuned,average_precision,validation,False
missingindicator_PAYMENT_AMOUNT_SUM,0.0,0.0,171,xgboost_tuned,average_precision,validation,False
missingindicator_PAYMENT_DELAY_MAX,0.0,0.0,172,xgboost_tuned,average_precision,validation,False
missingindicator_LATE_PAYMENT_COUNT,0.0,0.0,173,xgboost_tuned,average_precision,validation,False
missingindicator_PAYMENT_DELAY_MEAN,0.0,0.0,174,xgboost_tuned,average_precision,validation,False
missingindicator_PAYMENT_GAP_MEAN,0.0,0.0,175,xgboost_tuned,average_precision,validation,False
missingindicator_PAYMENT_TO_INSTALMENT_RATIO,0.0,0.0,176,xgboost_tuned,average_precision,validation,False
missingindicator_LATE_PAYMENT_RATIO,0.0,0.0,177,xgboost_tuned,average_precision,validation,False
missingindicator_CC_RECORD_COUNT,0.0,0.0,178,xgboost_tuned,average_precision,validation,False
missingindicator_CC_BALANCE_MAX,0.0,0.0,179,xgboost_tuned,average_precision,validation,False
missingindicator_CC_DPD_MAX,0.0,0.0,180,xgboost_tuned,average_precision,validation,False
missingindicator_CC_DPD_DEF_MAX,0.0,0.0,181,xgboost_tuned,average_precision,validation,False
missingindicator_CC_LATE_COUNT,0.0,0.0,182,xgboost_tuned,average_precision,validation,False
missingindicator_CC_MONTHS_MEAN,0.0,0.0,183,xgboost_tuned,average_precision,validation,False
missingindicator_CC_BALANCE_MEAN,0.0,0.0,184,xgboost_tuned,average_precision,validation,False
missingindicator_CC_CREDIT_LIMIT_MEAN,0.0,0.0,185,xgboost_tuned,average_precision,validation,False
missingindicator_CC_DRAWINGS_MEAN,0.0,0.0,186,xgboost_tuned,average_precision,validation,False
missingindicator_CC_PAYMENT_MEAN,0.0,0.0,187,xgboost_tuned,average_precision,validation,False
missingindicator_CC_MIN_PAYMENT_MEAN,0.0,0.0,188,xgboost_tuned,average_precision,validation,False
missingindicator_CC_DPD_MEAN,0.0,0.0,189,xgboost_tuned,average_precision,validation,False
missingindicator_CC_DPD_DEF_MEAN,0.0,0.0,190,xgboost_tuned,average_precision,validation,False
missingindicator_CC_LATE_RATIO,0.0,0.0,191,xgboost_tuned,average_precision,validation,False
missingindicator_CC_UTILIZATION_RATIO,0.0,0.0,192,xgboost_tuned,average_precision,validation,False
missingindicator_AMT_ANNUITY,0.0,0.0,193,xgboost_tuned,average_precision,validation,False
missingindicator_AMT_GOODS_PRICE,0.0,0.0,194,xgboost_tuned,average_precision,validation,False
missingindicator_CNT_FAM_MEMBERS,0.0,0.0,195,xgboost_tuned,average_precision,validation,False
missingindicator_EXT_SOURCE_2,0.0,0.0,196,xgboost_tuned,average_precision,validation,False
missingindicator_APP_ANNUITY_TO_INCOME,0.0,0.0,197,xgboost_tuned,average_precision,validation,False
missingindicator_APP_GOODS_PRICE_TO_INCOME,0.0,0.0,198,xgboost_tuned,average_precision,validation,False
missingindicator_APP_CREDIT_TO_GOODS_PRICE,0.0,0.0,199,xgboost_tuned,average_precision,validation,False
missingindicator_APP_ANNUITY_TO_CREDIT,0.0,0.0,200,xgboost_tuned,average_precision,validation,False
missingindicator_APP_INCOME_PER_FAMILY_MEMBER,0.0,0.0,201,xgboost_tuned,average_precision,validation,False
missingindicator_BUREAU_DEBT_TO_CREDIT,0.0,0.0,202,xgboost_tuned,average_precision,validation,False
missingindicator_BUREAU_OVERDUE_TO_CREDIT,0.0,0.0,203,xgboost_tuned,average_precision,validation,False
missingindicator_BUREAU_OVERDUE_ACCOUNTS_RATIO,0.0,0.0,204,xgboost_tuned,average_precision,validation,False
missingindicator_BUREAU_ACTIVE_ACCOUNT_RATIO,0.0,0.0,205,xgboost_tuned,average_precision,validation,False
missingindicator_BUREAU_CLOSED_ACCOUNT_RATIO,0.0,0.0,206,xgboost_tuned,average_precision,validation,False
missingindicator_PREV_APPROVAL_RATIO,0.0,0.0,207,xgboost_tuned,average_precision,validation,False
missingindicator_PREV_REFUSAL_RATIO,0.0,0.0,208,xgboost_tuned,average_precision,validation,False
missingindicator_PREV_CANCELLATION_RATIO,0.0,0.0,209,xgboost_tuned,average_precision,validation,False
missingindicator_PREV_CREDIT_TO_APPLICATION_RATIO,0.0,0.0,210,xgboost_tuned,average_precision,validation,False
missingindicator_POS_DPD_TO_DEFAULT_DPD_RATIO,0.0,0.0,211,xgboost_tuned,average_precision,validation,False
missingindicator_INST_AVG_DELAY_POSITIVE,0.0,0.0,212,xgboost_tuned,average_precision,validation,False
missingindicator_INST_PAYMENT_COVERAGE_RATIO,0.0,0.0,213,xgboost_tuned,average_precision,validation,False
missingindicator_CC_PAYMENT_TO_MIN_PAYMENT_RATIO,0.0,0.0,214,xgboost_tuned,average_precision,validation,False
PREV_AMT_APPLICATION_SUM,-7.811932610050457e-09,0.0005686964469736401,215,xgboost_tuned,average_precision,validation,False
BUREAU_BB_STATUS_3_COUNT,-8.708844221031834e-06,7.5047014974232125e-06,216,xgboost_tuned,average_precision,validation,False
INST_AVG_DELAY_POSITIVE,-1.2171505726604748e-05,1.352195556706214e-05,217,xgboost_tuned,average_precision,validation,False
BUREAU_OVERDUE_TO_CREDIT,-2.3754218523029207e-05,1.0209888239161437e-06,218,xgboost_tuned,average_precision,validation,False
BUREAU_AMT_CREDIT_SUM_OVERDUE_MAX,-4.115805297827402e-05,2.7372087391243342e-05,219,xgboost_tuned,average_precision,validation,False
missingindicator_PREV_APPLICATION_COUNT,-4.5374798968110065e-05,5.9065763276089235e-05,220,xgboost_tuned,average_precision,validation,False
BUREAU_AMT_CREDIT_SUM_OVERDUE_SUM,-4.619747188229032e-05,3.676540657710612e-05,221,xgboost_tuned,average_precision,validation,False
CC_PAYMENT_MEAN,-4.8001463305312e-05,0.0008730510976051535,222,xgboost_tuned,average_precision,validation,False
BUREAU_CLOSED_ACCOUNT_RATIO,-5.4250757633720705e-05,0.001009595616213585,223,xgboost_tuned,average_precision,validation,False
POS_DPD_TO_DEFAULT_DPD_RATIO,-5.952405707062199e-05,7.396568767594267e-05,224,xgboost_tuned,average_precision,validation,False
CC_LATE_RATIO,-5.962892313224333e-05,9.866280130019582e-05,225,xgboost_tuned,average_precision,validation,False
missingindicator_INSTALMENT_AMOUNT_SUM,-6.40451497721702e-05,9.144076246810114e-05,226,xgboost_tuned,average_precision,validation,False
POS_LATE_RATIO,-9.283878430650187e-05,0.00048522493076089146,227,xgboost_tuned,average_precision,validation,False
POS_LATE_COUNT,-0.00010465401657148525,0.000481842147647552,228,xgboost_tuned,average_precision,validation,False
CC_RECORD_COUNT,-0.00012296204311234202,0.0009453903759855351,229,xgboost_tuned,average_precision,validation,False
BUREAU_CREDIT_ACTIVE_CLOSED_COUNT,-0.00013141987024294552,0.000454319504113918,230,xgboost_tuned,average_precision,validation,False
missingindicator_INSTALMENT_RECORD_COUNT,-0.0001628466146771553,0.0002673260039667518,231,xgboost_tuned,average_precision,validation,False
missingindicator_PREV_AMT_DOWN_PAYMENT_MEAN,-0.00016629534912905122,0.00013282844916295562,232,xgboost_tuned,average_precision,validation,False
BUREAU_ACTIVE_ACCOUNT_RATIO,-0.00016868084062076258,0.0012232167524327305,233,xgboost_tuned,average_precision,validation,False
PAYMENT_GAP_MEAN,-0.00021863492528461279,0.0008443653423381651,234,xgboost_tuned,average_precision,validation,False
PAYMENT_DELAY_MAX,-0.00033694939981046557,0.002842721835179527,235,xgboost_tuned,average_precision,validation,False
CC_BALANCE_MEAN,-0.00044098793678913156,0.00017949879601305682,236,xgboost_tuned,average_precision,validation,False
BUREAU_DAYS_CREDIT_ENDDATE_MIN,-0.0004890330520895455,0.0001351100930008064,237,xgboost_tuned,average_precision,validation,False
BUREAU_BB_STATUS_C_COUNT,-0.0005549611672437671,0.0007276070597228495,238,xgboost_tuned,average_precision,validation,False
missingindicator_BUREAU_AMT_CREDIT_SUM_LIMIT_MAX,-0.0006248470379462782,0.0003689871148289735,239,xgboost_tuned,average_precision,validation,False
POS_MONTHS_MAX,-0.0006422973939292734,0.0006056563433997908,240,xgboost_tuned,average_precision,validation,False
INSTALMENT_RECORD_COUNT,-0.000701218604446413,0.0010785979960037033,241,xgboost_tuned,average_precision,validation,False
CC_CREDIT_LIMIT_MEAN,-0.0007137889810255501,0.0010191037732140893,242,xgboost_tuned,average_precision,validation,False
PREV_AMT_APPLICATION_MEAN,-0.0007287226011287173,0.0005285397205152733,243,xgboost_tuned,average_precision,validation,False
BUREAU_BB_MONTH_COUNT,-0.0009893498638691156,0.0010273363412720182,244,xgboost_tuned,average_precision,validation,False
PREV_CANCELLATION_RATIO,-0.0010248016719141644,0.00018271099641132464,245,xgboost_tuned,average_precision,validation,False
PREV_AMT_ANNUITY_MEAN,-0.0011710828835107916,0.0025621593733049968,246,xgboost_tuned,average_precision,validation,False
PREV_AMT_DOWN_PAYMENT_MEAN,-0.0013112334691382603,0.0019496176506794368,247,xgboost_tuned,average_precision,validation,False
CC_MIN_PAYMENT_MEAN,-0.0013426197210922493,0.00041417524257350547,248,xgboost_tuned,average_precision,validation,False
APP_CREDIT_TO_GOODS_PRICE,-0.0013552590586837499,0.0021165114931554776,249,xgboost_tuned,average_precision,validation,False
AMT_INCOME_TOTAL,-0.001634383476781955,0.0003629712277026781,250,xgboost_tuned,average_precision,validation,False
APP_EMPLOYED_YEARS,-0.0019205543206570197,0.0014773854715611598,251,xgboost_tuned,average_precision,validation,False
PAYMENT_DELAY_MEAN,-0.0020082976350769,0.0016614773176508238,252,xgboost_tuned,average_precision,validation,False
BUREAU_AMT_CREDIT_SUM_MEAN,-0.002016683770869591,0.0013683756640458819,253,xgboost_tuned,average_precision,validation,False
AMT_GOODS_PRICE,-0.0025993337264744085,0.0032749816712117036,254,xgboost_tuned,average_precision,validation,False
POS_DPD_DEF_MEAN,-0.002922956806656533,0.0014161796232446734,255,xgboost_tuned,average_precision,validation,False
BUREAU_DEBT_TO_CREDIT,-0.003857549899364978,0.0019601191250372334,256,xgboost_tuned,average_precision,validation,False
